,framework,path,commits,date,numberOfJavaFiles,countLineCode/numberOfJavaFiles,SumCyclomaticStrict/CountDeclMethod,readability
82,azure,Azure-Samples/Azure-Spring-Cloud-Samples,f3935af0f1d2db3dcf95ffd8593b23771baad25c,2020-05-19 15:53:04+08:00,28,21.75,1.1515151515151516,0.22464538603006595
153,azure,Azure-Samples/Hybrid-Compute-Java-Create-VM-From-Custom-Image,904cf3d10de00fa010969ad8e831b68c562fb234,2019-10-24 10:12:25-07:00,2,1230.5,3.4831460674157304,0.0
154,azure,Azure-Samples/Hybrid-Compute-Java-Manage-VM-Certificate-Based-Auth,852f9ce8d6fe80e4830d10bf0594c97110ad51a8,2019-10-23 10:36:19-07:00,4,649.25,3.2448979591836733,0.0008768104016780853
156,azure,Azure-Samples/Hybrid-KeyVault-Java-Manage-Secrets-Certificate-Based-Auth,ba0491bb7bec7e10ce94f068fdde14ecb86aff90,2019-09-13 04:57:48+05:18,3,127.33333333333333,1.95,0.0
157,azure,Azure-Samples/Hybrid-resources-java-manage-resource-group,77898b25785540e6bd03f735e1ccf881027c9fc3,2020-03-19 11:31:26-07:00,2,1185.5,3.5454545454545454,0.0
160,azure,Azure-Samples/Java-application-petstore-ee7,b60f9f236da4f609d9752caed1cc82dab33aeecf,2020-05-12 16:00:49+05:18,102,64.83333333333333,1.2877358490566038,0.18729479890751854
229,azure,Azure-Samples/SpeechToText-REST,d57587c002019eeae9805bd225528bb0ff0b69c1,2017-09-26 10:05:37+02:00,6,67.83333333333333,1.6944444444444444,0.0007626996763671438
0,azure,Azure-Samples/aad-java-manage-passwords,ba71f61b9e9f73e4980d3cca2670bab571d3674d,2019-09-24 11:20:04-07:00,2,1280.5,3.8241758241758244,0.0
1,azure,Azure-Samples/aad-java-manage-resources-from-vm-with-msi,2e92e8cbda5b6c9d328b3006447debba37e1cacd,2020-01-14 16:18:15+08:00,2,1264.5,3.802197802197802,0.0
2,azure,Azure-Samples/aad-java-manage-service-principal-credentials,3d49bd04c274d8622881de71135fe2efef0c9683,2020-01-14 16:25:24+08:00,2,1288.0,3.8461538461538463,0.0
3,azure,Azure-Samples/aad-java-manage-service-principals,d450bb853449a53df19416074e882aae326f4fc6,2020-01-14 16:25:15+08:00,2,1296.0,3.5346534653465347,0.0
4,azure,Azure-Samples/aad-java-manage-users-groups-and-roles,a1c4ce08a22cce26b28339c99b1daaa1db531179,2020-01-14 16:25:26+08:00,2,1273.0,3.791208791208791,0.0
5,azure,Azure-Samples/aci-java-create-container-groups,253c6dc361d1a0c6444b82901ba749c90d3b917d,2020-01-14 16:27:55+08:00,2,1255.0,3.8333333333333335,0.0
6,azure,Azure-Samples/aci-java-manage-container-instances-1,a6cc13bc4eb99f0b6f11e76613d8d06245ea68f1,2020-01-14 16:27:38+08:00,2,1257.5,3.8444444444444446,0.0
7,azure,Azure-Samples/aci-java-manage-container-instances-2,844f4a95c4338040d8ffd854526f07d34d67f5fd,2020-01-14 16:27:46+08:00,2,1262.5,3.8444444444444446,0.0
8,azure,Azure-Samples/aci-java-scale-up-containers-using-acs,f4f75c4fd05285ac3ea315a2863ebaf508eacc80,2020-01-14 16:27:59+08:00,4,835.5,3.807017543859649,0.0
10,azure,Azure-Samples/acr-java-manage-azure-container-registry,3de960a4709ee4ffbb48cf2fffb81644ec0b7894,2020-01-14 16:26:54+08:00,4,786.25,3.719298245614035,0.0
9,azure,Azure-Samples/acr-java-manage-azure-container-registry-with-webhooks,3a09469546c0bab1c1f44366f5a272c001b67881,2020-01-14 16:27:02+08:00,4,789.5,3.719298245614035,0.0
11,azure,Azure-Samples/acs-java-deploy-image-from-acr-to-acs-orchestrator,6c9aa17fdc677563c3355f1d9564754320450490,2020-01-14 16:27:34+08:00,4,833.0,3.824561403508772,0.0
12,azure,Azure-Samples/acs-java-manage-azure-container-service-with-docker-swarm-orchestrator,15bc77c8e267b8bcf472236332694d1fa0e2dd8f,2020-01-14 16:27:32+08:00,3,912.0,3.616822429906542,0.0
13,azure,Azure-Samples/acs-java-manage-azure-container-service-with-kubernetes-orchestrator,5fe5a4adc2e13791092c4fc53cba58892d92aacb,2020-01-14 16:27:24+08:00,3,917.6666666666666,3.6448598130841123,0.0
15,azure,Azure-Samples/active-directory-android,8ca8d6e98e80c1d6ebce10fb2bf03b7c989a041a,2019-04-01 17:04:35-07:00,3,99.33333333333333,1.6785714285714286,0.3107802998274565
14,azure,Azure-Samples/active-directory-android-native-oidcandroidlib-v2,135a2917ac30551642724a10b5f3333c94c483ec,2018-04-13 10:08:03-07:00,20,115.0,2.0166666666666666,0.21355874752625822
16,azure,Azure-Samples/active-directory-b2c-android-appauth-ropc,2b8fbd0ea7e91139f11767dbb47978ae048b9bf9,2018-04-29 20:20:49-07:00,92,124.94565217391305,1.379638439581351,0.01584724655834219
17,azure,Azure-Samples/active-directory-b2c-android-native-appauth,3fee05d1ed6301dd5a9be90f2900c6266c969402,2019-09-23 14:45:47-07:00,88,116.9659090909091,1.359875904860393,0.018114672358933603
18,azure,Azure-Samples/active-directory-b2c-android-native-msal,c5782ac820c908d0b3131c132a35c2052f568b5c,2019-07-26 21:51:39-07:00,8,64.875,1.6415094339622642,0.26278438343433663
19,azure,Azure-Samples/active-directory-java-webapp-openidconnect,3439ad9150f9937fd538ac3217e55d4976b3bfd0,2019-09-09 14:00:44-07:00,8,99.0,1.3963963963963963,0.003721458022482693
20,azure,Azure-Samples/aks-java-deploy-image-from-acr-to-kubernetes,b55258bdcfca41fc1bc0798ca932e9a607ebe927,2020-01-14 16:27:09+08:00,4,830.25,3.8157894736842106,0.0
22,azure,Azure-Samples/aks-java-manage-kubernetes-cluster,1198c47ab858498eaf7e1a23e6f79df935d739ff,2020-01-14 16:27:17+08:00,3,916.6666666666666,3.6448598130841123,0.0
21,azure,Azure-Samples/aks-java-manage-kubernetes-cluster-with-advanced-networking,c4bf430d7b0c0fa1f61219e3f574e9acd4c5e793,2020-01-14 16:27:09+08:00,3,924.6666666666666,3.6448598130841123,0.0
23,azure,Azure-Samples/app-service-api-apps-quickstart-java,cc92d1e7056bf23f76986285e59c04b4a2f8d7fb,2016-01-21 06:27:25-08:00,9,27.666666666666668,1.0344827586206897,0.018769238299379747
24,azure,Azure-Samples/app-service-java-access-key-vault-by-msi-for-web-apps,38a411268728946188240788a667bade4899c4b1,2020-01-14 16:24:04+08:00,2,1276.0,3.8333333333333335,0.0
26,azure,Azure-Samples/app-service-java-access-key-vault-convenience-for-web-apps,5a6ade256cbc3f97809fbf6679a926fa9c7cff24,2020-01-14 16:23:59+08:00,2,1278.5,3.8131868131868134,0.0
25,azure,Azure-Samples/app-service-java-access-key-vault-convenience-for-web-apps-on-linux,1d92bd39519683821a91c781a6646440bfe68452,2020-01-14 16:22:44+08:00,4,792.0,3.6608695652173915,0.0
28,azure,Azure-Samples/app-service-java-configure-deployment-sources-for-functions,158e55afa276415c58be60a22dd8e244c7fde3dc,2020-01-14 16:23:33+08:00,2,1316.5,3.7934782608695654,0.0
27,azure,Azure-Samples/app-service-java-configure-deployment-sources-for-functions-on-linux,e6b830696d108cff6225ae42e30d2b1f714d9534,2020-01-14 16:29:29+08:00,2,1276.5,3.857142857142857,0.0
31,azure,Azure-Samples/app-service-java-configure-deployment-sources-for-web-apps,6f7b898403c3c2040a5c9f890c717023bc38edbc,2020-01-14 16:24:31+08:00,2,1337.0,3.8351648351648353,0.0
29,azure,Azure-Samples/app-service-java-configure-deployment-sources-for-web-apps-async,038b5aa806c995a89c9d856ef22404ea4db490a6,2020-01-14 16:21:34+08:00,2,1319.0,3.7083333333333335,0.0
30,azure,Azure-Samples/app-service-java-configure-deployment-sources-for-web-apps-on-linux,0386efb566ee7d4b7343fd4f8dcf2de9abbf9191,2020-01-14 16:22:46+08:00,2,1297.5,3.8131868131868134,0.0
32,azure,Azure-Samples/app-service-java-cosmosdb-mongodb-apis,363dd5e19ec91810b32bfc0959abdb06d65fd5f8,2019-10-23 21:49:34-07:00,14,53.642857142857146,1.0388349514563107,0.07878814790663975
33,azure,Azure-Samples/app-service-java-deploy-image-from-acr-to-linux,8259d2ec29046f05a43345890f7f972221dae676,2020-01-14 16:24:35+08:00,4,788.0,3.6782608695652175,0.0
34,azure,Azure-Samples/app-service-java-manage-authentication-for-functions,88f771e7ee60d4230bcffc6885cf6ee7b9409728,2020-01-14 16:23:37+08:00,2,1302.5,3.7934782608695654,0.0
35,azure,Azure-Samples/app-service-java-manage-authentication-for-web-apps,5b57dcf01e84932827903251d2eb3d0b14391ea8,2020-01-14 16:22:22+08:00,2,1301.0,3.8131868131868134,0.0
37,azure,Azure-Samples/app-service-java-manage-data-connections-for-web-apps,20d4eff5b1685328ba2c54e7efbb5c94d24c0b96,2020-01-14 16:24:33+08:00,2,1265.0,3.8444444444444446,0.0
36,azure,Azure-Samples/app-service-java-manage-data-connections-for-web-apps-on-linux,eedc84834d91f1928af180bfe92d125929cc91ff,2020-01-14 16:23:11+08:00,2,1265.0,3.8444444444444446,0.0
39,azure,Azure-Samples/app-service-java-manage-functions,ff9e99f53e187aea7dc8f0fe586a11351b1f66df,2020-01-14 16:23:12+08:00,2,1268.5,3.8666666666666667,0.0
38,azure,Azure-Samples/app-service-java-manage-functions-with-custom-domains,2858e49505d5b842d3557a951fed7474396d9ec4,2020-01-14 16:23:33+08:00,2,1279.5,3.8333333333333335,0.0
40,azure,Azure-Samples/app-service-java-manage-logs-for-function-apps,73afdca5be3fd506b5e458b2a0c3101967ffc901,2020-01-14 16:23:39+08:00,2,1297.0,3.673469387755102,0.0
41,azure,Azure-Samples/app-service-java-manage-logs-for-web-apps,593bab799bb77149262492e1d67ce8b7734639cd,2020-01-14 16:23:59+08:00,2,1300.5,3.673469387755102,0.0
42,azure,Azure-Samples/app-service-java-manage-staging-and-production-slots-for-web-apps,b04e78e2a99e7db864476d568405c6f4fa5d2622,2020-01-14 16:24:26+08:00,2,1285.5,3.694736842105263,0.0
44,azure,Azure-Samples/app-service-java-manage-storage-connections-for-web-apps,98ba5e3cdee775b219665243b3c4e9b7e38077ae,2020-01-14 16:24:59+08:00,2,1283.0,3.774193548387097,0.0
43,azure,Azure-Samples/app-service-java-manage-storage-connections-for-web-apps-on-linux,a35b0403d2dd5fe6920b78608419ef3298111d2e,2020-01-14 16:23:06+08:00,2,1282.5,3.774193548387097,0.0
48,azure,Azure-Samples/app-service-java-manage-web-apps,7a448ebe52aa9b72da3328eb2a5cc439e895db37,2020-01-14 16:24:05+08:00,2,1272.5,3.8666666666666667,0.0
46,azure,Azure-Samples/app-service-java-manage-web-apps-on-linux,859d66cafc05fd94f10c4e8ec88a2a11c5acfddc,2020-01-14 16:22:32+08:00,2,1274.5,3.8666666666666667,0.0
45,azure,Azure-Samples/app-service-java-manage-web-apps-on-linux-with-custom-domains,479d8a7e59bdc14cb893865f118e354075410ffb,2020-01-14 16:22:40+08:00,2,1283.0,3.8333333333333335,0.0
47,azure,Azure-Samples/app-service-java-manage-web-apps-with-custom-domains,e213388b20c4a163e785dd9cf91e5d93016fff67,2020-01-14 16:24:49+08:00,2,1281.5,3.8333333333333335,0.0
50,azure,Azure-Samples/app-service-java-scale-web-apps,9555585d1d3c7e7125165431915f2c332ad4f979,2020-01-14 16:24:59+08:00,2,1317.0,3.752688172043011,0.0
49,azure,Azure-Samples/app-service-java-scale-web-apps-on-linux,b32378cad7c115db6387a3d1ac04ece5d742cdea,2020-01-14 16:23:06+08:00,2,1318.0,3.752688172043011,0.0
51,azure,Azure-Samples/app-service-maven,3009a8984c9fb845344250ec7bb857f09d4e972c,2017-06-13 12:04:18-07:00,0,0,0,0
52,azure,Azure-Samples/application-gateway-java-manage-application-gateways,dad3c9685010b8a50470701c6d059b2c00c0131b,2020-01-14 16:29:25+08:00,2,1310.5,3.857142857142857,0.0
53,azure,Azure-Samples/application-gateway-java-manage-simple-application-gateways,2fdb212d24f419f94c894d46fbb1fc2907b9ba39,2020-01-14 16:26:31+08:00,2,1259.0,3.802197802197802,0.0
55,azure,Azure-Samples/azure-cosmos-cassandra-java-retry-sample,9cdcc0f12e131799cfd63ca0d332afbd2311eed4,2020-03-16 11:53:59+00:00,5,72.0,1.5714285714285714,0.012644292414188385
54,azure,Azure-Samples/azure-cosmos-cassandra-java-retry-sample-v4,9172930900e4a1d5968be88b2550512d08ac327f,2020-04-24 18:40:04+01:00,6,71.33333333333333,1.6486486486486487,0.010536910345156988
57,azure,Azure-Samples/azure-cosmos-db-cassandra-java-getting-started,d19fe8f5be27b6f87a171646ed4ca00749d0bda0,2020-04-09 10:41:50-07:00,5,44.2,1.3333333333333333,0.014501357078552246
56,azure,Azure-Samples/azure-cosmos-db-cassandra-java-getting-started-v4,9ccb5276d9bdf9dcb9e09f90400a043098e2bab1,2020-05-18 19:50:51+01:00,5,46.2,1.3478260869565217,0.014501357078552246
58,azure,Azure-Samples/azure-cosmos-db-documentdb-java-getting-started,55320e89c7c29989c5aefe434ef1dc555fb02796,2020-03-12 12:49:00-07:00,6,57.166666666666664,1.2,0.1839442837056898
59,azure,Azure-Samples/azure-cosmos-db-graph-java-getting-started,931c28b1cedf4c6be9c1c6da5475f1182a252935,2019-09-13 05:14:28+05:18,1,88.0,7.0,0.0
60,azure,Azure-Samples/azure-cosmos-db-mongodb-java-changestream,e234c2af11ae6aba31cab04a5f20dea2d65ca330,2020-05-15 13:06:36+05:18,1,78.0,6.0,0.0
61,azure,Azure-Samples/azure-cosmos-db-mongodb-java-geo-readpreference,8ae34dd202ff0306606be402e5b965818d22e0c8,2019-09-10 10:07:02-07:00,1,128.0,2.3333333333333335,0.0
62,azure,Azure-Samples/azure-cosmos-db-mongodb-java-getting-started,6689ce92b17a34d76137570ffd4cb534a2cf679f,2019-09-10 10:08:04-07:00,1,30.0,2.0,0.015773562714457512
63,azure,Azure-Samples/azure-cosmos-db-mongodb-spring,cf1ece0216fa9b48f8266bb6b4b81678fc648078,2019-09-13 00:11:35+05:18,8,20.25,0.7647058823529411,0.0599278577901714
64,azure,Azure-Samples/azure-cosmos-db-sql-api-async-java-getting-started,2c8c6ffe2c0942c5eb56ce492ebdcee9df9f3d3a,2019-09-13 00:55:28+05:18,8,57.625,1.3703703703703705,0.027760768152802484
65,azure,Azure-Samples/azure-cosmos-db-sql-java-multi-master,8c5745050390ad6eed4b681fe76c96fad54f0422,2018-09-18 16:41:20-07:00,6,166.5,2.806451612903226,0.02388460437456767
66,azure,Azure-Samples/azure-cosmos-java-getting-started,18f0c8dfa3231a73f8c02412e3bac26345fa8729,2020-04-29 21:01:55-07:00,9,63.666666666666664,1.4576271186440677,0.1287465800430962
67,azure,Azure-Samples/azure-cosmos-java-sql-api-samples,30ca98a25703348fe08ab341c731088b245695a8,2020-05-15 05:28:16-07:00,27,103.55555555555556,1.7251184834123223,0.0909404526761069
68,azure,Azure-Samples/azure-cosmos-java-sql-api-todo-app,916f282eb885eb820e9c692cf5396caeb2131c81,2020-04-28 19:45:20-07:00,9,52.888888888888886,1.4545454545454546,0.18552649992246492
69,azure,Azure-Samples/azure-cosmos-java-sql-app-example,fb950561173c14f341690c33c167dc545a260d01,2020-03-30 14:05:28-07:00,2,127.5,3.4,0.023701118305325508
70,azure,Azure-Samples/azure-cosmosdb-bulkingestion,ddfbba473c405a0c5444e61d32c398aa768cfef7,2019-09-13 05:22:18+05:18,27,85.29629629629629,1.8160919540229885,0.0342458034062508
71,azure,Azure-Samples/azure-cosmosdb-cassandra-counters,e7c1e93929f2f860d8ea8f8bd713169ff987cf07,2019-07-31 10:20:55-07:00,5,46.0,1.3333333333333333,0.014501357078552246
72,azure,Azure-Samples/azure-cosmosdb-java-pagination,ba1e6bdcb1b9ab7d739723e974099bb17de6e292,2019-09-24 09:43:49-07:00,2,73.5,2.0,0.06073508411645889
73,azure,Azure-Samples/azure-cosmosdb-jsonldconversion,34acef0dec5f591e0736b7a8589a8867407f4f6a,2019-07-09 16:51:36-07:00,8,65.75,3.25,0.23203882342204452
74,azure,Azure-Samples/azure-cosmosdb-springboot-pagination,3f4dc00f3e11e909a81b6ca0257202f3f548dd39,2019-09-24 09:42:59-07:00,9,21.444444444444443,1.5,0.21696873840927663
75,azure,Azure-Samples/azure-functions-samples-java,4e9e3e1a07b0392515bffdc5701d12ce84f6020c,2020-04-24 15:54:36+08:00,3,38.333333333333336,1.0769230769230769,0.0006697070008764664
76,azure,Azure-Samples/azure-iot-central-arm-sdk-samples,42744187c3a729ee91a8f0a10ea4ab7bd920ed48,2020-05-18 17:04:03+01:00,1,63.0,3.0,0.0
77,azure,Azure-Samples/azure-iot-edge-devops-sample-java,6fe888e4612c302d5ccd82148e9f764a1738a199,2020-04-01 10:43:49+08:00,3,66.66666666666667,1.6666666666666667,0.0
78,azure,Azure-Samples/azure-iot-samples-java,6f7f0b68b7a2f69d9f0673621a82f2e0372d16d8,2020-01-30 11:32:13-08:00,22,102.9090909090909,1.8287671232876712,0.005936040104477963
79,azure,Azure-Samples/azure-mobile-apps-android-quickstart,a58178a0abc9c76ee74a69c03af5cd215045c884,2017-04-03 16:25:50-07:00,3,115.33333333333333,1.4878048780487805,0.0032490144949406385
80,azure,Azure-Samples/azure-sdk-for-java-storage-blob-upload-download,5d5952a3ad3b51b3dbdb9443275bc305112ad1b9,2020-01-12 19:33:21-08:00,2,119.5,3.4444444444444446,0.0
81,azure,Azure-Samples/azure-search-java-samples,f284b79feac1b71ac66a763de0a34d3ba7285316,2020-04-18 11:01:23-07:00,33,63.0,0.8975155279503105,0.02463065865132111
83,azure,Azure-Samples/azure-springaop-appconfig,71ad98768ea6eb2a43bc8ecf8c075c7124bcf6a6,2019-09-02 17:41:43-07:00,4,26.75,1.0,0.1058690493227914
84,azure,Azure-Samples/azure-springboot-cosmosdb-cassandra-counter,cef2055be4cf45b77bf323e2de5e0ad5a123e9cc,2019-07-31 10:46:59-07:00,4,22.0,0.75,0.0900562833994627
85,azure,Azure-Samples/batch-java-manage-batch-accounts,4fa389c30bff7a804f587a6a9963df24305d7ed4,2020-01-14 16:21:00+08:00,2,1292.0,3.901098901098901,0.0
86,azure,Azure-Samples/batchai-java-run-batchai-job,1ba07c19f06dc33d939b17207e0fa1b57711bbb0,2020-01-14 16:21:01+08:00,2,1288.5,3.8461538461538463,0.0
87,azure,Azure-Samples/bootiful-azure,f66f7ec16eb185a07b41c3165c468a28aa61cc9c,2018-11-28 08:45:14+00:00,2,76.5,1.1538461538461537,0.08030766993761063
88,azure,Azure-Samples/cdn-java-manage-cdn,e65dd30f6baaaa8ecbc4974a996affc6cd245d55,2020-01-14 16:21:33+08:00,2,1279.5,3.774193548387097,0.0
89,azure,Azure-Samples/cognitive-services-android-customvision-sample,71258ab9eae10126beee98f7bc5cb6a28c465380,2020-04-08 18:47:38+09:00,35,97.22857142857143,1.6388059701492537,0.0884585674781452
90,azure,Azure-Samples/cognitive-services-face-android-detect,6c74d6979b25d1498de095bfd5c65ebd4e38b0e5,2019-09-13 04:15:19+05:18,3,55.0,1.6153846153846154,0.3091044494261344
91,azure,Azure-Samples/cognitive-services-java-computer-vision-tutorial,ad64d9a0103ac46ac87ad4ce0918e2ff199ceb90,2017-09-25 13:19:33-07:00,2,898.5,2.3,0.0
92,azure,Azure-Samples/cognitive-services-java-sdk-samples,8ef11818ff7f115e58907a601f96fc4631ed5c12,2020-05-15 13:27:25-07:00,29,112.86206896551724,2.814814814814815,0.03286628103172728
93,azure,Azure-Samples/cognitive-services-personalizer-samples,05ecaf93ac3ead2ba7993d4d66df7b64c6a58902,2020-05-15 15:04:09-07:00,12,50.416666666666664,0.9238095238095239,0.04883151901109765
94,azure,Azure-Samples/cognitive-services-qnamaker-java,df033001d6e5a4be3e2ad432fb0a030af81ee401,2019-10-02 15:13:08-07:00,9,88.44444444444444,1.697674418604651,0.00045399263843945746
95,azure,Azure-Samples/compute-java-create-virtual-machines-across-regions-in-parallel,09189665b70b0b0b38dc56c4eb5422f3d33aaa73,2020-01-14 16:29:15+08:00,2,1291.0,3.868131868131868,0.0
96,azure,Azure-Samples/compute-java-create-virtual-machines-from-generalized-image-or-specialized-vhd,d625053775fed1453c629e4bec958678568ca748,2020-01-14 16:17:03+08:00,3,946.6666666666666,3.6636363636363636,0.0
97,azure,Azure-Samples/compute-java-create-vms-async-tracking-related-resources,1e4aae89013b07d2396b6a7f0f97467579ae8b67,2020-01-14 16:26:42+08:00,2,1309.5,3.860215053763441,0.0
98,azure,Azure-Samples/compute-java-list-compute-skus,95229d300e5b12e070754e6ac83cbbba4872a798,2020-01-14 16:18:43+08:00,2,1256.0,3.8369565217391304,0.0
99,azure,Azure-Samples/compute-java-list-vm-extension-images,739a0fa596dba0d78c3bd6b0f013a2cd37d0954a,2020-01-14 16:16:36+08:00,2,1246.0,3.8131868131868134,0.0
100,azure,Azure-Samples/compute-java-list-vm-images,535bb6091f83b7001911a598f1c341351ce5eef9,2020-01-14 16:28:03+08:00,2,1247.0,3.8241758241758244,0.0
101,azure,Azure-Samples/compute-java-manage-availability-sets,f279fa9a5b8fe23cc894a363097ddfebf9113ce4,2020-01-14 16:28:08+08:00,2,1278.5,3.8131868131868134,0.0
102,azure,Azure-Samples/compute-java-manage-managed-disks,6f5edcddce869714fde742ddd6abde64f26e5e4a,2020-01-14 16:28:18+08:00,3,1023.3333333333334,3.52212389380531,0.0
103,azure,Azure-Samples/compute-java-manage-resources-from-vm-with-msi-in-aad-group,f5f7a4e4fb048a69a879ce2d48755a055d1f6092,2020-01-14 16:18:10+08:00,2,1280.0,3.802197802197802,0.0
104,azure,Azure-Samples/compute-java-manage-scale-set-user-assigned-msi-from-service-principal,d42563d21ed28d80171ec2eeefd7607336e12674,2020-01-14 16:17:55+08:00,2,1280.0,3.8131868131868134,0.0
105,azure,Azure-Samples/compute-java-manage-user-assigned-msi-enabled-virtual-machine,f201462c820351a31ab83ae49f4eb1483b94ef1c,2020-01-14 16:18:38+08:00,2,1276.5,3.782608695652174,0.0
106,azure,Azure-Samples/compute-java-manage-virtual-machine-scale-set-with-unmanaged-disks,a8631793d6c24da5699bd341d20d329c11bc27dd,2020-01-14 16:17:52+08:00,2,1333.0,3.868131868131868,0.0
108,azure,Azure-Samples/compute-java-manage-virtual-machine-scale-sets,37c971b8d5f4e74039d1cafef47cc1e211208ae0,2020-01-14 16:28:30+08:00,2,1336.5,3.868131868131868,0.0
107,azure,Azure-Samples/compute-java-manage-virtual-machine-scale-sets-async,d5149af9bcc3fcf4a6b2ac809a77d9bbc060b986,2020-01-14 16:21:26+08:00,2,1354.5,3.75,0.0
109,azure,Azure-Samples/compute-java-manage-virtual-machine-using-vm-extensions,9a3548acf8322d633d0ecd6ffb106d6a8059b164,2020-01-14 16:16:36+08:00,2,1320.5,3.802197802197802,0.0
110,azure,Azure-Samples/compute-java-manage-virtual-machine-with-disks,7177cb14bc75182bfb58404b13679e904ca3444d,2020-01-14 16:28:21+08:00,2,1282.5,3.8241758241758244,0.0
111,azure,Azure-Samples/compute-java-manage-virtual-machine-with-unmanaged-disks,3cca0a2c94a4cd81e553a2e5bf7444071d1bc5d3,2020-01-14 16:17:45+08:00,2,1288.5,3.8241758241758244,0.0
112,azure,Azure-Samples/compute-java-manage-virtual-machines-in-parallel,fd7a354e47286beceb5bde6c6d7bc7170c313d76,2020-01-14 16:16:53+08:00,2,1263.0,3.8241758241758244,0.0
113,azure,Azure-Samples/compute-java-manage-virtual-machines-with-network-in-parallel,06137ff2a3e51a81fd6f3bbd7cf4a8c6f96ef423,2020-01-14 16:17:02+08:00,2,1313.0,3.868131868131868,0.0
118,azure,Azure-Samples/compute-java-manage-vm,dcd354f1e31c0f210708b8ce537a96acaff6925d,2020-01-14 16:28:25+08:00,2,1282.0,3.8131868131868134,0.0
114,azure,Azure-Samples/compute-java-manage-vm-async,cd9ee7470bb7fea5ebddb5453ccc69a81b20360c,2020-01-14 16:21:08+08:00,2,1306.5,3.6804123711340204,0.0
115,azure,Azure-Samples/compute-java-manage-vm-from-vm-with-msi-credentials,535147e67d3c41c23401f3b58e0c1e531357efd5,2020-01-14 16:18:33+08:00,2,1243.0,3.8333333333333335,0.0
116,azure,Azure-Samples/compute-java-manage-vms-in-availability-zones,771c99193bc0ea069585a5ce2faaa4d4c51830c4,2020-01-14 16:18:19+08:00,2,1271.5,3.802197802197802,0.0
117,azure,Azure-Samples/compute-java-manage-vmss-in-availability-zones,22a2ccc2d59e30bf12a381359e15b828a0efb88c,2020-01-14 16:18:21+08:00,2,1305.5,3.8241758241758244,0.0
119,azure,Azure-Samples/cosmos-changefeed-cassandra-java,d36d8e586dda03243edfd0ea94b422c4ecd14c08,2020-04-24 17:03:20+05:18,4,45.0,1.625,0.018162610303988913
120,azure,Azure-Samples/cosmosdb-java-as-cache-for-apache-camel,892bf0c7d3e67a28224fb654dc5588aada1b00c5,2019-08-09 10:18:28-06:00,2,59.0,1.5555555555555556,0.21236655116081238
121,azure,Azure-Samples/cosmosdb-java-create-cosmosdb-and-configure-firewall,f411eb47a0e100ebd3d6ba1d33e1fe008f13cbc3,2020-01-14 16:16:04+08:00,2,1248.5,3.8131868131868134,0.0
122,azure,Azure-Samples/cosmosdb-java-create-cosmosdb-and-configure-for-eventual-consistency,ac061a5c7943d29974f6c9e6d120ff10a809aca0,2020-01-14 16:15:40+08:00,2,1267.0,3.7934782608695654,0.0
123,azure,Azure-Samples/cosmosdb-java-create-cosmosdb-and-configure-for-high-availability,a7137c0160663695e73dd11742502c0e10cc5e96,2020-01-14 16:15:40+08:00,2,1271.0,3.7934782608695654,0.0
124,azure,Azure-Samples/cosmosdb-java-create-cosmosdb-and-get-mongodb-connection-string,5adaff481f4e12b0e19802b330f7792a0c56e59f,2020-01-14 16:16:08+08:00,2,1251.5,3.8131868131868134,0.0
125,azure,Azure-Samples/cosmosdb-java-create-cosmosdb-table-with-virtual-network-rule,8543ee70d048566b2348393ed76f1f310dd9b3f7,2020-01-14 16:16:08+08:00,2,1266.0,3.8666666666666667,0.0
126,azure,Azure-Samples/cosmosdb-java-create-documentdb-and-configure-firewall,9d1c9fe86b2c282a0bffd5915aafbae094ebea76,2019-10-01 16:44:23-07:00,2,1241.0,3.791208791208791,0.0
127,azure,Azure-Samples/cosmosdb-java-create-documentdb-and-configure-for-eventual-consistency,7bc01d6f98169c8cb9c43ae3b9302e7d2b50e21c,2019-10-14 17:47:58-07:00,2,1259.5,3.7717391304347827,0.0
128,azure,Azure-Samples/cosmosdb-java-create-documentdb-and-configure-for-high-availability,9029e092e26f07f684a901eab03e0614c1b1b8f6,2019-10-01 11:43:44-07:00,2,1263.5,3.7717391304347827,0.0
129,azure,Azure-Samples/cosmosdb-java-create-documentdb-and-get-mongodb-connection-string,4486244cfa851d258f93a3fef9641916ca014ca8,2019-10-24 10:11:33-07:00,2,1244.0,3.791208791208791,0.0
130,azure,Azure-Samples/couchbaseTocosmosdb,51cfab1a51e7c3af415b753525caec805c546645,2020-01-20 19:47:44+05:18,17,43.76470588235294,1.7647058823529411,0.3132409306571764
131,azure,Azure-Samples/data-lake-store-java-upload-download-get-started,a8aeb9e9144f49ee3f48f6dcd607344661c5aae7,2019-09-13 23:58:45+05:18,1,96.0,2.25,0.0
132,azure,Azure-Samples/dns-java-host-and-manage-your-domains,b31b3eb74a520c729076830ada4def37a9d1bb01,2020-01-14 16:16:35+08:00,2,1314.0,3.888888888888889,0.0
133,azure,Azure-Samples/documentdb-java-todo-app,0184f05c444afb511327296eff5a101024776d8d,2020-04-28 19:29:41-07:00,9,52.888888888888886,1.4545454545454546,0.18552649992246492
134,azure,Azure-Samples/event-grid-java-publish-consume-events,b37fc15a0867e4c3d4a22b05c95920823a8bfe90,2019-09-24 11:33:22-07:00,5,67.6,3.0,0.0003388982964679599
135,azure,Azure-Samples/event-hubs-java-storm-sender-jms-receiver,1bfb538661cccdc6b56aad174a6a077199a9e17a,2017-02-16 09:37:30+08:00,5,36.0,1.3076923076923077,0.36719630416482685
138,azure,Azure-Samples/eventhub-java-manage-event-hub,8450669411bd3da5bc3997f0254b4118c7eab706,2020-01-14 16:18:57+08:00,2,1275.5,3.8666666666666667,0.0
136,azure,Azure-Samples/eventhub-java-manage-event-hub-events,f7706702c4a4e549bd9b06086387d3a0d1319447,2020-01-14 16:21:59+08:00,2,1262.5,3.8444444444444446,0.0
137,azure,Azure-Samples/eventhub-java-manage-event-hub-geo-disaster-recovery,838cf3e2619fc2a6c3abc2c595665daf5fcd128f,2020-01-14 16:19:02+08:00,2,1275.5,3.888888888888889,0.0
139,azure,Azure-Samples/functions-docs-java,e7c315826e2b88803dac499d86fbd6a1e3fa004a,2020-02-11 09:41:29-05:00,7,20.428571428571427,1.1428571428571428,0.03751777405185359
140,azure,Azure-Samples/functions-java-push-static-contents-to-cdn,a23a73f4c6a87df5dfa9e40b4368d10aeba7078b,2019-10-16 15:15:56-07:00,4,70.75,1.894736842105263,0.0
141,azure,Azure-Samples/functions-quickstarts-java,8cb74ae951fee7951101f5a896bd58aaf0fbebeb,2020-03-18 13:58:21-07:00,3,40.666666666666664,1.0769230769230769,8.94533780713876e-05
142,azure,Azure-Samples/hbase-phoenix-connection-pool,4419cec25b25e0bad45c8e4d499305e4a9e55274,2017-06-23 11:36:14-07:00,5,59.6,3.0,0.0
143,azure,Azure-Samples/hdinsight-java-deploy-storm-topology,22db4695d5a0464c85e206ecf10d4e7a3199c2a8,2018-10-30 23:48:11-07:00,1,57.0,6.0,0.0
144,azure,Azure-Samples/hdinsight-java-hive-jdbc,a4f7e48ea3e97d36a7627e972b584d1d1164a049,2018-04-05 13:08:14-04:00,1,74.0,10.0,0.0
145,azure,Azure-Samples/hdinsight-java-hive-udf,c4a2779414d4240a6f4f05025d3e8c5040e60f61,2019-07-17 14:30:52-07:00,2,143.0,4.8,0.0
146,azure,Azure-Samples/hdinsight-java-sdk-samples,ef157f55904261e37d12de5892c56009fd852830,2019-07-28 18:31:58-07:00,4,84.75,1.0,0.0
147,azure,Azure-Samples/hdinsight-java-storm-eventhub,a02ccf0c72be789748e71591b5b91970d8affa48,2018-01-05 09:38:20-05:00,3,55.333333333333336,1.3846153846153846,0.0
148,azure,Azure-Samples/hdinsight-java-storm-wordcount,f2a1581d88bd073d60ae9eb6b17546bfc68af636,2018-01-03 14:31:01-05:00,7,37.57142857142857,1.44,0.0
149,azure,Azure-Samples/hdinsight-kafka-java-get-started,64df822b77e5bd3f6afbd293271b823ea8d8d13d,2020-05-12 10:57:52-05:00,9,45.44444444444444,2.411764705882353,0.00012349585692087808
150,azure,Azure-Samples/hdinsight-storm-azure-data-lake-store,e700263ba6fb0b7c5eff8ebff602b02bebfff52f,2018-10-30 23:49:48-07:00,1,30.0,1.0,0.0062903184443712234
151,azure,Azure-Samples/hdinsight-storm-java-kafka,165a590b14d8a12f4e09d49628527cb0ac4f1f74,2018-10-30 23:45:27-07:00,2,33.0,1.0,0.004920706618577242
152,azure,Azure-Samples/hello-spring-function-azure,85f6ca8965ff44666451321f578b111a8c5f8772,2020-05-11 13:41:18+02:00,6,26.5,1.5333333333333334,0.16657051005555937
155,azure,Azure-Samples/hybrid-compute-java-manage-vm,07c59f36fb2ada0ffb404410d6efcfeaa137cdc3,2020-03-18 16:20:35-07:00,2,1238.0,3.393258426966292,0.0
158,azure,Azure-Samples/hybrid-storage-java-manage-storage-accounts,9dcd0b2aac9ae0fae78c355f88881bc022ba72b7,2020-03-19 11:29:42-07:00,2,1187.0,3.4269662921348316,0.0
159,azure,Azure-Samples/iot-edge-sample-java,4b22a091035926ea6d23fdf3245b259074e3e2ef,2018-11-26 14:11:30+08:00,1,73.0,2.25,0.0
161,azure,Azure-Samples/java-docs-hello-world,7b38183c2b70685e6cdb20a5ae436b0ce7673f7f,2019-09-13 23:41:22+05:18,1,22.0,1.0,0.0006563524366356432
162,azure,Azure-Samples/java-functions-eventhub-cosmosdb,6dba8f4a06623478c889c08f0b93beaab54d7994,2019-11-11 10:28:03-08:00,2,51.0,1.2307692307692308,0.00024236139142885804
163,azure,Azure-Samples/java-on-aks,6b6564a5d19dfd2c28ede6577dcb203d218d42fe,2020-03-19 21:30:43-07:00,97,33.93814432989691,1.0314465408805031,0.12762685441898095
164,azure,Azure-Samples/java-on-app-service,6099b9898b380f87fada60c3d3e538a6dd52cdb6,2019-09-12 21:58:50+05:18,37,25.027027027027028,0.9318181818181818,0.10855496951793416
165,azure,Azure-Samples/java-spring-petclinic,a96bab538bae79288a8f5bfd625bdb13eca00bf7,2020-05-12 15:59:54+05:18,37,39.24324324324324,1.1875,0.01466133353627614
166,azure,Azure-Samples/keda-eventhub-kafka-scaler-terraform,fd3dd0681ea7d823c16d4245f24371d098f6cb28,2020-04-21 15:45:20-07:00,10,33.3,2.0,0.16827122512986534
167,azure,Azure-Samples/key-vault-java-authentication,ca91ca24d161eff442e012beb3770e3c44553f6f,2019-07-22 17:10:38-07:00,3,72.0,1.5333333333333334,0.0
168,azure,Azure-Samples/key-vault-java-certificate-authentication,1bb29c68ac121f799b68f32ca812a1aeccd6006a,2018-06-29 11:56:17-07:00,3,85.66666666666667,1.4736842105263157,0.0
169,azure,Azure-Samples/key-vault-java-manage-key-vaults,234a301d9e75adc6763989cc859bd0c38c0a1687,2020-01-14 16:25:01+08:00,2,1265.0,3.8131868131868134,0.0
170,azure,Azure-Samples/key-vault-java-managed-storage,8bd3d9edf8d8727153f4c89d22a3546ccb290a5b,2018-06-29 15:16:11-07:00,5,72.0,1.8421052631578947,0.00030926493054721503
171,azure,Azure-Samples/key-vault-java-network-acl,e17234851d57dc150a18d3457c85247bb86ee177,2018-07-02 15:57:03-07:00,2,44.0,1.3333333333333333,0.4288962185382843
172,azure,Azure-Samples/key-vault-java-recovery,faee87a000152b9fd41c28d81feab6c8c0b198cb,2018-07-02 15:46:34-07:00,4,101.25,1.5416666666666667,0.01091889850795269
173,azure,Azure-Samples/kusto-high-scale-ingestion,e248e2315af1a78da24639b75a7ff13c194de2c5,2019-02-25 14:23:18+02:00,34,51.05882352941177,1.510204081632653,0.08186425481450416
174,azure,Azure-Samples/locks-java-manage-locks,018b8de6b99567877c030d946cc324dfe7b7f0f6,2020-01-14 16:26:37+08:00,2,1301.0,3.802197802197802,0.0
175,azure,Azure-Samples/managed-disk-java-convert-existing-virtual-machines-to-use-managed-disks,620c629f2b595e2834a4e6ec43dcf544ae6ceec7,2020-01-14 16:17:30+08:00,2,1255.5,3.802197802197802,0.0
177,azure,Azure-Samples/managed-disk-java-create-virtual-machine-using-custom-image,f8390626eaa244a9fe4120a0b9dbfaa2d0e08698,2020-01-14 16:17:03+08:00,3,944.0,3.614678899082569,0.0
176,azure,Azure-Samples/managed-disk-java-create-virtual-machine-using-custom-image-from-VHD,d408cf267b2ce5da97bfab9d0f490b7d3e97a870,2020-01-14 16:17:20+08:00,3,950.6666666666666,3.614678899082569,0.0
179,azure,Azure-Samples/managed-disk-java-create-virtual-machine-using-specialized-disk-from-VHD,74488ca3aefd4380876845558540349d2eaeda79,2020-01-14 16:17:28+08:00,2,1296.0,3.8777777777777778,0.0
178,azure,Azure-Samples/managed-disk-java-create-virtual-machine-using-specialized-disk-from-snapshot,9b6b699afacd550f82c374dd8bde37a5357db3a0,2020-01-14 16:17:30+08:00,2,1303.5,3.857142857142857,0.0
180,azure,Azure-Samples/media-services-v3-java,da1c04a2aedf30054193afbdf7930048d2ace2f9,2020-01-16 00:16:17-08:00,48,149.95833333333334,2.022222222222222,0.0402998177257056
181,azure,Azure-Samples/microprofile-configsource-keyvault,1249d7af82c0967da94c6242ea0b943aa9d9141d,2018-08-30 13:16:11+12:00,2,15.5,1.0,0.2592489132657647
182,azure,Azure-Samples/microprofile-docker-helloworld,da3baa35506aceb3355c14b0f2c683e683c9d777,2018-08-30 12:07:08+12:00,3,12.666666666666666,1.0,0.195050953887403
183,azure,Azure-Samples/microprofile-hello-azure,2b8ba20e18a3c9b36ad87f56434c45ab84a67148,2018-08-27 17:18:11-04:00,3,12.333333333333334,1.0,0.2863725523153941
184,azure,Azure-Samples/migrate-java-ee-app-to-azure-2,3a58ab81d36bbba76e447f48c1fe999b7e66af61,2020-01-22 14:00:51-08:00,7,46.57142857142857,3.375,1.7040597283214864e-05
185,azure,Azure-Samples/monitor-java-activitylog-alerts-on-security-breach-or-risk,bf56e395db7f0efa39f20748da6977416bba3ec7,2020-01-14 16:21:59+08:00,2,1270.0,3.8666666666666667,0.0
186,azure,Azure-Samples/monitor-java-autoscale-based-on-performance,d6278534d846e41fee2465462c6fb1ffc3acd2a9,2020-01-14 16:22:17+08:00,2,1271.0,3.8131868131868134,0.0
187,azure,Azure-Samples/monitor-java-metric-alerts-on-critical-performance,f902e7a930b86ea98a488b2aa6109f23e4c5e35e,2020-01-14 16:22:16+08:00,2,1257.5,3.8222222222222224,0.0
188,azure,Azure-Samples/monitor-java-query-metrics-activitylogs,c8b7133ff43aec512661647b9cdd2609104c4e41,2020-01-14 16:21:52+08:00,2,1304.0,3.901098901098901,0.0
189,azure,Azure-Samples/ms-identity-android-java,9418f0ae2932ebc9dd78d5386745f1b0cff47050,2020-03-03 13:47:55-08:00,8,120.25,1.5145631067961165,0.004385415464639664
190,azure,Azure-Samples/ms-identity-android-native,1f6bee36e97b5195c3a881ab38a6d60272559e17,2019-10-15 11:46:05-07:00,3,71.33333333333333,1.4230769230769231,0.3131115318586429
191,azure,Azure-Samples/ms-identity-java-desktop,e79c15e51d99f73b1544a60c98ea130210ebd5be,2020-03-30 08:50:20-07:00,4,45.25,1.6666666666666667,0.0
192,azure,Azure-Samples/ms-identity-java-webapi,ffe4b772be2127c8a2563b004e7f4590304c14fb,2020-04-21 14:05:36-07:00,13,53.61538461538461,1.5396825396825398,0.1022213979947712
193,azure,Azure-Samples/ms-identity-java-webapp,911ee8340ab31f6cdf6c2f22a0dd3d029324aeec,2020-05-11 14:21:36-07:00,24,50.25,1.7,0.14625052950092746
194,azure,Azure-Samples/network-java-create-simple-internet-facing-load-balancer,304db5c29a0c1c8e0fce05ce5d2634823fa6e453,2020-01-14 16:26:15+08:00,2,1281.5,3.8241758241758244,0.0
196,azure,Azure-Samples/network-java-manage-express-route,6aa5406f1040c86f1b05dd3e372a721eae600553,2020-01-14 16:25:55+08:00,2,1263.0,3.802197802197802,0.0
195,azure,Azure-Samples/network-java-manage-express-route-cross-connection,9bb529cd60f8d713e8f949a43bf48476679bb148,2020-01-14 16:26:07+08:00,2,1252.0,3.78021978021978,0.0
197,azure,Azure-Samples/network-java-manage-internal-load-balancers,e4d0daf2a49aba9a97cb04845a94644032e1bf0e,2020-01-14 16:28:41+08:00,2,1352.5,3.8241758241758244,0.0
198,azure,Azure-Samples/network-java-manage-internet-facing-load-balancers,9cb389c5ff4ef072411ffbb7a3dac178d009e754,2020-01-14 16:28:46+08:00,2,1373.5,3.8351648351648353,0.0
199,azure,Azure-Samples/network-java-manage-ip-address,68b0e41a13c42b2789d5e3a67276ae032d0667f7,2020-01-14 16:28:47+08:00,2,1269.0,3.802197802197802,0.0
200,azure,Azure-Samples/network-java-manage-network-interface,3c7334d2fda094e14f941a7398d05057030fad9e,2020-01-14 16:28:52+08:00,2,1291.5,3.8241758241758244,0.0
201,azure,Azure-Samples/network-java-manage-network-peering,d1bf8af0fe851ae635dac97e1cadaf3e6c59f212,2020-01-14 16:26:18+08:00,2,1263.5,3.8131868131868134,0.0
202,azure,Azure-Samples/network-java-manage-network-security-group,2c8c1a21c51369e551b20d9e4fe261c17fae4a6e,2020-01-14 16:29:03+08:00,3,955.0,3.6018518518518516,0.0
206,azure,Azure-Samples/network-java-manage-virtual-network,05ccea9ed5efd6d6c398079cd82aac4d0b37c4c5,2020-01-14 16:29:08+08:00,2,1303.5,3.8131868131868134,0.0
203,azure,Azure-Samples/network-java-manage-virtual-network-async,ece1b5a99483e89028a1f539955776db0819ee0c,2020-01-14 16:21:26+08:00,2,1326.0,3.736842105263158,0.0
204,azure,Azure-Samples/network-java-manage-virtual-network-to-virtual-network-vpn-connection,16154f2a4c20304a02ebb3526cc581e3895ce789,2020-01-14 16:25:50+08:00,2,1311.5,3.802197802197802,0.0
205,azure,Azure-Samples/network-java-manage-virtual-network-with-site-to-site-vpn-connection,9b2b99bc709677ba88f9f6b2e9521599781b4212,2020-01-14 16:25:41+08:00,2,1260.5,3.802197802197802,0.0
207,azure,Azure-Samples/network-java-manage-vpn-client-connection,263f0c2c395344747909dec25f2b4dc29c90adb6,2020-01-14 16:25:53+08:00,2,1260.0,3.802197802197802,0.0
208,azure,Azure-Samples/network-java-use-network-watcher-to-check-connectivity,4eee4ff0eed1a605d19630249838b40aa89e1e09,2020-01-14 16:26:21+08:00,2,1284.0,3.8131868131868134,0.0
209,azure,Azure-Samples/network-java-use-new-watcher,1556ae8d9f24f970244540d0085c1a4ddedb90e6,2020-01-14 16:25:28+08:00,2,1326.0,3.8351648351648353,0.0
210,azure,Azure-Samples/piggymetrics,81924fc28e87a364d11c4278388f49aff809adb0,2019-09-15 16:00:33-04:00,97,33.93814432989691,1.0314465408805031,0.12762685441898095
211,azure,Azure-Samples/redis-java-manage-cache,8d3e659acd3fab3d7d2ce7f54d08a8a680dabb5b,2020-01-14 16:21:52+08:00,2,1270.0,3.8241758241758244,0.0
215,azure,Azure-Samples/resources-java-deploy-using-arm-template,e1d3af223c810499df6d19b89b02c78cb435325d,2020-01-14 16:15:09+08:00,2,1271.0,3.8152173913043477,0.0
212,azure,Azure-Samples/resources-java-deploy-using-arm-template-async,f82011cdf9a227c2148d835f6714dabee61d3e4c,2020-01-14 16:15:09+08:00,2,1287.0,3.7010309278350517,0.0
213,azure,Azure-Samples/resources-java-deploy-using-arm-template-with-deployment-operations,400889bf51d49cb0535827987fe2cbb8acf52b3a,2020-01-14 16:15:10+08:00,2,1309.0,3.623762376237624,0.0
214,azure,Azure-Samples/resources-java-deploy-using-arm-template-with-progress,e143c85c634822357f83003c61314835ec648bd5,2020-01-14 16:20:45+08:00,2,1265.5,3.763440860215054,0.0
216,azure,Azure-Samples/resources-java-deploy-virtual-machine-with-managed-disks-using-arm-template,7d80de4b241f3644d2fbe69cf3e9a2f021bf56f1,2020-01-14 16:17:58+08:00,2,1264.5,3.7934782608695654,0.0
218,azure,Azure-Samples/resources-java-manage-resource,1257277a620f41694cc00949bc73e8b14d985fcb,2020-01-14 16:15:09+08:00,2,1251.5,3.8444444444444446,0.0
217,azure,Azure-Samples/resources-java-manage-resource-group,71bdee8fe901d0b1827dd736b7fcc8559ace3683,2020-01-14 16:15:38+08:00,2,1247.5,3.8444444444444446,0.0
219,azure,Azure-Samples/resources-java-web-server-with-delegated-credentials,52cbbf337a31a0ef27a4ebbabb6c11deb62fd5f1,2020-01-14 16:15:39+08:00,2,1254.5,3.8351648351648353,0.0
220,azure,Azure-Samples/search-java-getting-started,9e547709cbcc54fc0fc68914a22684513232b3ed,2019-03-30 17:07:29-07:00,19,50.21052631578947,0.6091954022988506,0.03952492395029893
221,azure,Azure-Samples/search-java-indexer-demo,9b88fc0eaf6a1a182c76127f061721bd64355953,2019-05-09 15:26:46-07:00,7,90.42857142857143,1.3625,0.0007528434507548809
222,azure,Azure-Samples/search-java-manage-search-service,4bc504661ea5f1aa4862a60b50ac398835be1c41,2020-01-14 16:26:44+08:00,2,1269.5,3.888888888888889,0.0
223,azure,Azure-Samples/service-bus-java-manage-publish-subscribe-with-advanced-features,05af6d816f1451f0ac7f6ff8bdfffcc4a2d9352d,2020-01-14 16:19:24+08:00,2,1289.0,3.888888888888889,0.0
224,azure,Azure-Samples/service-bus-java-manage-publish-subscribe-with-basic-features,5084064676d896f6c1c746125f8635f58deab06d,2020-01-14 16:19:08+08:00,2,1280.0,3.888888888888889,0.0
225,azure,Azure-Samples/service-bus-java-manage-queue-with-advanced-features,addd8b08e43046dfc56411fd7aa64a9d0edf407b,2020-01-14 16:19:32+08:00,2,1277.5,3.8666666666666667,0.0
226,azure,Azure-Samples/service-bus-java-manage-queue-with-basic-features,3af53ddc68b7a879009306edd509d00c39ab0e60,2020-01-14 16:19:07+08:00,2,1278.5,3.888888888888889,0.0
227,azure,Azure-Samples/service-bus-java-manage-with-claims-based-authorization,be239906f7ef79e453943d4ecf01a66635ba1d01,2020-01-14 16:19:21+08:00,2,1271.0,3.8666666666666667,0.0
228,azure,Azure-Samples/service-fabric-java-quickstart,858adc98339d8ecbacc83d9a9e1eae602006fd31,2020-03-25 16:44:44-07:00,6,58.0,1.9545454545454546,0.02040947663287322
230,azure,Azure-Samples/spring-data-cassandra-on-azure,1bf0e78b7c0ed9e9c0ddd28cd0a0ba9f2d0e758a,2019-09-13 04:32:33+05:18,4,20.75,1.0,0.4238604445999954
231,azure,Azure-Samples/spring-data-jdbc-on-azure,af9485b045df4c2f0eecc4f1cfdbcea9ca677097,2019-09-13 04:31:40+05:18,4,28.0,1.0625,0.20991660724394023
232,azure,Azure-Samples/spring-data-jpa-on-azure,a6f4663860d1826511a216acb07ea0ee2068017a,2019-07-30 20:08:29-07:00,4,20.25,1.0,0.418092584121041
233,azure,Azure-Samples/spring-jms-service-bus,87b9b397cf2ed9fdeeda24626bbcd43caa046ccc,2019-08-02 14:09:40+08:00,12,23.583333333333332,1.0769230769230769,0.15774411065892005
234,azure,Azure-Samples/springboot-hello-azure,8b34b51c382b155f347f65fe030e7905d35d3973,2018-08-17 15:52:03-07:00,1,25.0,1.6666666666666667,0.0
235,azure,Azure-Samples/sql-database-java-get-sql-metrics,739297254416a6ae0aa1b92e6c0daebd492b572d,2020-01-14 16:20:12+08:00,2,1339.5,4.033333333333333,0.0
236,azure,Azure-Samples/sql-database-java-manage-db,955c6fd76b2eac385b38ccba5af5f18f62035d69,2020-01-14 16:19:32+08:00,2,1268.0,3.802197802197802,0.0
237,azure,Azure-Samples/sql-database-java-manage-failover-groups,a2b2be5f2f360520d2e747d06669b2a8b8b1a5cb,2020-01-14 16:20:21+08:00,2,1276.5,3.8333333333333335,0.0
238,azure,Azure-Samples/sql-database-java-manage-firewalls-for-sql-databases,b6a2a28f65241753ef9aa4efa2a00a2c2e00cf17,2020-01-14 16:19:48+08:00,2,1266.0,3.8131868131868134,0.0
239,azure,Azure-Samples/sql-database-java-manage-import-export-db,e5c15b0ae78210bb8bc53fc7fec5fbf34bafc374,2020-01-14 16:19:56+08:00,2,1278.0,3.8333333333333335,0.0
240,azure,Azure-Samples/sql-database-java-manage-recover-restore-db,8b2228ed56e58c8a316b3f262a1bcdd2cbb53ea7,2020-01-14 16:20:10+08:00,2,1281.5,3.8666666666666667,0.0
241,azure,Azure-Samples/sql-database-java-manage-sql-databases-across-regions,973213f64a4f6c9e377ccaa9bb6657028c504b76,2020-01-14 16:19:56+08:00,2,1304.5,3.879120879120879,0.0
242,azure,Azure-Samples/sql-database-java-manage-sql-dbs-in-elastic-pool,36f00e6b82d1f52950f45c9b137eb9cede84b485,2020-01-14 16:19:46+08:00,2,1295.5,3.89010989010989,0.0
243,azure,Azure-Samples/sql-database-java-manage-sql-secrets-in-key-vault,9bcd9aa02138e31fbc95a2072f1a2f91a06243d8,2020-01-14 16:20:36+08:00,2,1272.0,3.8333333333333335,0.0
244,azure,Azure-Samples/sql-database-java-manage-sql-server-dns-aliases,3c01b14bc64d5185dd745ccf8ef8227858ecbf1d,2020-01-14 16:20:22+08:00,2,1293.0,3.8444444444444446,0.0
245,azure,Azure-Samples/sql-database-java-manage-sql-server-security-alert-policy,3d2ea7720887c582a17709f2aa53443daabd3a1e,2020-01-14 16:20:43+08:00,2,1265.5,3.8222222222222224,0.0
246,azure,Azure-Samples/sql-database-java-manage-virtual-network-rules,96046709e2c99aaa179ebbc43d76f2eacd2bdf35,2020-01-14 16:20:37+08:00,2,1270.0,3.8333333333333335,0.0
247,azure,Azure-Samples/storage-blob-android-photo-uploader,5986b71559e71c64054d2169debca174ac054c29,2017-12-21 21:34:37-08:00,4,61.5,1.36,0.0
248,azure,Azure-Samples/storage-blob-java-getting-started,d4c7429bb251eeb512cf5dd34eaec297fd0feed2,2015-09-22 13:13:27-07:00,1,63.0,3.5,0.0
249,azure,Azure-Samples/storage-blobs-java-quickstart,624e27724a5690a35d5655e5e51de80214b1ce4d,2019-10-04 09:03:43-07:00,1,69.0,8.0,0.0
250,azure,Azure-Samples/storage-file-java-getting-started,cba8d51bdb59cb25c72a46eeb71111aa986d21c0,2016-10-05 15:49:15-03:00,6,95.0,2.5238095238095237,3.414078916345412e-05
256,azure,Azure-Samples/storage-java-V10-ha-ra-grs,f73c04742f3274955e4129c20f0612acefcb670a,2019-02-25 11:59:55-08:00,1,176.0,4.0,0.0
251,azure,Azure-Samples/storage-java-client-side-encryption,a7f1cb6c46ca994c130f719dc7d48dca0c7e79da,2016-12-14 15:10:37-08:00,5,57.6,2.0,0.00023581610003020614
252,azure,Azure-Samples/storage-java-ha-ra-grs,308cfe5c0ae5d9779c3a3a1778e194bab13c4899,2019-02-27 15:00:29-08:00,1,120.0,15.0,0.0
253,azure,Azure-Samples/storage-java-manage-storage-account-network-rules,72108cb47665e1d22da4afe2df2dbec24e93a890,2020-01-14 16:18:45+08:00,2,1272.0,3.791208791208791,0.0
255,azure,Azure-Samples/storage-java-manage-storage-accounts,3fd7cbe3f63e4fe77bea7c6b44cb1aa58526308c,2020-01-14 16:29:12+08:00,2,1265.5,3.8241758241758244,0.0
254,azure,Azure-Samples/storage-java-manage-storage-accounts-async,c1ebd1937f728ca97d34455e458e6eb1f147c4d0,2020-01-14 16:21:09+08:00,2,1269.0,3.65625,0.0
257,azure,Azure-Samples/storage-queue-java-getting-started,f8955927a7e0d20e178d21e76f4a3d7cb4d05c93,2017-03-16 14:55:31-07:00,6,62.5,2.6,0.006139032908928736
258,azure,Azure-Samples/storage-table-java-getting-started,468ad7556b66b3cf57803fb8311a7c8abb56189f,2015-09-22 13:13:26-07:00,0,0,0,0
259,azure,Azure-Samples/traffic-manager-java-manage-profiles,07102812a1f1b58f9e086c075b50032abace880b,2020-01-14 16:16:09+08:00,2,1307.0,3.8666666666666667,0.0
260,azure,Azure-Samples/traffic-manager-java-manage-simple-profiles,7210cfef4c4dec03d9044df0ae47625976e065dd,2020-01-14 16:16:27+08:00,2,1272.0,3.8351648351648353,0.0
261,azure,Azure-Samples/twitter-databricks-analyzer-cicd,a6a869896acecc6c4c8f3868fe9b85bc6a6a31bd,2019-10-15 15:33:02-07:00,16,50.9375,1.1111111111111112,0.1831075975605927
262,azure,Azure-Samples/wildfly-petstore-quickstart,6823f23e17aba1a4feb1502e2dc73c13d353b95e,2019-09-12 21:21:58+05:18,102,64.83333333333333,1.2877358490566038,0.18729479890751854
