full_name,created_at,description,forks_count,language,open_issues_count,size,stargazers_count,subscribers_count,updated_at,watchers_count
spring-guides/gs-rest-service,2013-04-12 14:54:36,Building a RESTful Web Service :: Learn how to create a RESTful web service with Spring.,1913,Java,8,1543,1058,108,2021-08-17 08:18:40,1058
spring-guides/gs-scheduling-tasks,2013-04-17 16:58:47,Scheduling Tasks :: Learn how to schedule tasks with Spring.,125,Java,1,994,84,27,2021-08-16 01:09:20,84
spring-guides/gs-consuming-rest,2013-04-18 00:18:20,Consuming a RESTful Web Service :: Learn how to retrieve web page data with Spring's RestTemplate.,221,Java,2,1098,125,28,2021-08-13 21:28:05,125
spring-guides/gs-gradle,2013-04-19 13:35:45,Building Java Projects with Gradle :: Learn how to build a Java project with Gradle.,600,Java,3,406,110,36,2021-08-16 02:07:05,110
spring-guides/gs-maven,2013-04-19 13:36:09,Building Java Projects with Maven :: Learn how to build a Java project with Maven.,461,Java,1,165,117,39,2021-08-15 01:29:54,117
spring-guides/gs-relational-data-access,2013-04-19 16:30:04,Accessing Relational Data using JDBC with Spring :: Learn how to access relational data with Spring.,119,Java,5,1132,51,25,2021-08-02 14:38:49,51
spring-guides/gs-uploading-files,2013-04-23 21:11:14,Uploading Files :: Learn how to build a Spring application that accepts multi-part file uploads.,402,Java,18,985,357,35,2021-08-13 08:30:30,357
spring-guides/gs-authenticating-ldap,2013-04-24 15:42:14,Authenticating a User with LDAP :: Learn how to secure an application with LDAP.,124,Java,5,1124,60,28,2021-07-07 20:30:49,60
spring-guides/gs-messaging-redis,2013-05-01 15:24:22,Messaging with Redis :: Learn how to use Redis as a message broker.,76,Java,4,1108,66,25,2021-07-14 15:04:48,66
spring-guides/gs-messaging-rabbitmq,2013-05-01 20:36:40,Messaging with RabbitMQ :: Learn how to create a simple publish-and-subscribe application with Spring and RabbitMQ.,178,Java,5,878,128,32,2021-08-05 12:29:10,128
spring-guides/gs-accessing-data-neo4j,2013-05-02 17:00:12,Accessing Data with Neo4j :: Learn how to persist objects and relationships in Neo4j's NoSQL data store.,38,Java,3,1073,29,26,2021-07-06 19:16:38,29
spring-guides/gs-validating-form-input,2013-05-03 19:43:54,Validating Form Input :: Learn how to perform form validation with Spring.,100,Java,0,1845,96,29,2021-08-15 10:37:29,96
spring-guides/gs-actuator-service,2013-05-09 07:35:30,Building a RESTful Web Service with Spring Boot Actuator  :: Learn how to create a RESTful Web service with Spring Boot Actuator.,103,Java,2,1127,62,31,2021-08-13 02:59:28,62
spring-guides/gs-messaging-jms,2013-05-13 17:14:02,Messaging with JMS :: Learn how to publish and subscribe to messages using a JMS broker.,120,Java,8,589,62,27,2021-08-13 04:06:51,62
spring-guides/gs-batch-processing,2013-05-15 18:33:30,Creating a Batch Service :: Learn how to create a basic batch-driven solution.,317,Java,0,1135,157,36,2021-08-05 14:43:28,157
spring-guides/gs-securing-web,2013-05-19 09:34:23,Securing a Web Application :: Learn how to protect your web application with Spring Security.,315,Java,7,1394,240,35,2021-08-16 11:35:28,240
spring-guides/gs-rest-hateoas,2013-05-24 15:46:59,Building a Hypermedia-Driven RESTful Web Service :: Learn how to create a hypermedia-driven RESTful Web service with Spring.,79,Java,2,831,65,25,2021-08-07 00:36:14,65
spring-guides/gs-accessing-data-gemfire,2013-06-24 17:17:21,Accessing Data in Pivotal GemFire :: Learn how to build an application using Gemfire's data fabric.,23,Java,5,472,9,25,2021-06-04 18:41:41,9
spring-guides/gs-integration,2013-06-25 20:09:44,"Integrating Data :: Learn how to build an application that uses Spring Integration to fetch data, process it, and write it to a file.",35,Java,3,881,8,23,2021-07-12 15:11:13,8
spring-guides/gs-caching-gemfire,2013-07-02 14:34:26,Caching Data with Pivotal GemFire :: Learn how to cache data in GemFire.,23,Java,2,503,6,25,2021-06-04 18:42:30,6
spring-guides/gs-managing-transactions,2013-07-10 16:50:41,Managing Transactions :: Learn how to wrap key parts of code with transactions.,45,Java,1,885,18,24,2021-07-12 15:29:15,18
spring-guides/gs-accessing-data-jpa,2013-07-10 19:35:08,Accessing Data with JPA :: Learn how to work with JPA data persistence using Spring Data JPA.,256,Java,12,1113,162,38,2021-08-14 19:55:47,162
spring-guides/gs-accessing-data-mongodb,2013-07-11 18:53:58,Accessing Data with MongoDB :: Learn how to persist data in MongoDB.,137,Java,8,1055,95,32,2021-08-13 03:35:10,95
spring-guides/gs-serving-web-content,2013-07-16 17:28:43,Serving Web Content with Spring MVC :: Learn how to create a web page with Spring MVC and Thymeleaf.,581,Java,5,1112,202,41,2021-08-05 03:37:35,202
spring-guides/gs-async-method,2013-07-17 19:02:04,Creating Asynchronous Methods :: Learn how to create asynchronous service methods.,75,Java,0,1019,80,22,2021-08-02 01:22:38,80
spring-guides/gs-handling-form-submission,2013-07-18 01:47:09,Handling Form Submission :: Learn how to create and submit a web form with Spring.,62,Java,5,1264,35,20,2021-08-03 18:03:55,35
spring-guides/gs-spring-boot,2013-07-30 18:25:34,Building an Application with Spring Boot :: Learn how to build an application with minimal configuration.,2467,Java,1,902,641,69,2021-08-13 03:13:39,641
spring-guides/gs-messaging-stomp-websocket,2013-08-09 14:53:12,Using WebSocket to build an interactive web application :: Learn how to the send and receive messages between a browser and the server over a WebSocket,377,Java,8,6382,359,50,2021-08-16 08:25:25,359
spring-guides/getting-started-guides,2013-10-28 20:59:08,Getting Started Guide template :: The template for new guides and also the place to request them.,177,Java,55,465,407,54,2021-08-15 07:20:42,407
spring-guides/gs-rest-service-cors,2013-11-22 21:24:51,Enabling Cross Origin Requests for a RESTful Web Service :: Learn how to create a RESTful web service with Spring that support Cross-Origin Resource Sharing (CORS).,98,Java,0,1160,81,24,2021-08-11 14:23:48,81
spring-guides/gs-consuming-web-service,2014-02-17 15:12:53,Consuming a SOAP web service :: Learn how to create a client that consumes a WSDL-based service,122,Java,2,828,96,26,2021-08-13 04:00:38,96
spring-guides/gs-accessing-data-rest,2014-02-26 21:22:16,"Accessing JPA Data with REST :: Learn how to work with RESTful, hypermedia-based data persistence using Spring Data REST.",190,Java,0,1159,123,25,2021-08-13 03:35:22,123
spring-guides/gs-accessing-neo4j-data-rest,2014-02-27 17:35:55,"Accessing Neo4j Data with REST :: Learn how to work with RESTful, hypermedia-based data persistence using Spring Data REST.",28,Java,3,1028,9,21,2021-07-07 16:19:36,9
spring-guides/gs-accessing-mongodb-data-rest,2014-03-03 15:38:08,"Accessing MongoDB Data with REST :: Learn how to work with RESTful, hypermedia-based data persistence using Spring Data REST.",86,Java,0,979,56,27,2021-08-13 03:44:19,56
spring-guides/gs-accessing-gemfire-data-rest,2014-03-05 18:52:58,"Accessing Data in Pivotal GemFire with REST :: Learn how to work with RESTful, hypermedia-based data persistence using Spring Data REST.",14,Java,2,364,5,23,2021-08-14 09:31:02,5
spring-guides/gs-producing-web-service,2014-05-07 14:55:14,Producing a SOAP web service :: Learn how to create a SOAP-based web service with Spring.,171,Java,2,1116,96,26,2021-07-21 22:41:33,96
spring-guides/gs-caching,2014-06-02 15:10:07,Caching Data with Spring :: Learn how to cache data in memory with Spring,59,Java,2,932,51,23,2021-08-10 17:16:41,51
spring-guides/quoters,2014-08-19 22:10:28,Spring Boot quotation service to support REST-based guides,4,Java,1,122,5,20,2021-02-01 22:46:37,5
spring-guides/tut-rest,2014-10-22 18:04:36,Building REST services with Spring :: Learn how to easily build RESTful services with Spring,270,Java,4,408,370,42,2021-08-12 08:58:53,370
spring-guides/gs-spring-boot-docker,2015-04-01 08:57:10,Spring Boot with Docker :: Learn how to create a Docker container from a Spring Boot application with Maven or Gradle,1078,Java,5,642,524,55,2021-08-16 08:50:24,524
spring-guides/gs-crud-with-vaadin,2015-09-28 15:23:37,Creating CRUD UI with Vaadin :: Use Vaadin and Spring Data JPA to build a dynamic UI,108,Java,1,1062,76,26,2021-08-09 14:23:26,76
spring-guides/tut-spring-boot-oauth2,2015-11-24 11:29:05,"Spring Boot and OAuth2:: A tutorial on ""social"" login and single sign on with Facebook and Github",649,Java,34,232,754,64,2021-08-15 05:29:43,754
spring-guides/gs-service-registration-and-discovery,2016-01-14 21:43:25,Service Registration and Discovery :: Learn how to register and find services with Eureka,149,Java,6,1303,97,24,2021-08-11 22:39:41,97
spring-guides/gs-centralized-configuration,2016-01-22 02:28:33,"Centralized Configuration :: Learn how to manage application settings from an external, centralized source",91,Java,0,1759,44,29,2021-06-01 20:49:23,44
spring-guides/gs-routing-and-filtering,2016-01-22 02:59:21,Routing and Filtering :: Learn how to route and filter requests to a microservice using Netflix Zuul,83,Java,1,1194,59,27,2021-07-22 00:51:33,59
spring-guides/gs-testing-web,2016-08-26 13:41:19,Testing the Web Layer :: Learn how to test Spring Boot applications and MVC controllers. ,82,Java,4,829,99,22,2021-08-10 16:27:35,99
spring-guides/gs-accessing-data-mysql,2017-01-25 14:13:09,Accessing data with MySQL :: Learn how to set up and manage user accounts on MySQL and how to configure Spring Boot to connect to it at runtime.,197,Java,3,1065,117,25,2021-08-16 19:38:11,117
spring-guides/gs-multi-module,2017-01-25 15:02:44,Creating a Multi Module Project :: Learn how to build a library and package it for consumption in a Spring Boot application,129,Java,5,1330,206,33,2021-08-12 15:36:34,206
spring-guides/gs-testing-restdocs,2017-03-14 10:34:28,Creating API Documentation with Restdocs :: Learn how to generate documentation for HTTP endpoints using Spring Restdocs,22,Java,2,744,11,22,2021-08-07 00:56:59,11
spring-guides/gs-messaging-gcp-pubsub,2017-08-08 20:22:08,Messaging with Google Cloud Pub/Sub :: Learn how to exchange messages using Spring Integration channel adapters and Google Cloud Pub/Sub,27,Java,10,474,8,23,2021-06-04 18:43:01,8
spring-guides/gs-reactive-rest-service,2017-08-18 15:54:17,Building a Reactive RESTful Web Service :: Learn how to create a RESTful web service with Reactive Spring and consume it with WebClient.,78,Java,3,558,91,21,2021-08-13 04:16:03,91
spring-guides/gs-contract-rest,2018-01-05 19:13:25,Consumer Driven Contracts :: Learn how to with contract stubs and consuming that contract from another Spring application,20,Java,1,583,6,19,2021-08-14 09:25:53,6
spring-guides/gs-accessing-vault,2018-01-05 19:43:36,Accessing Vault :: Learn how to use Spring Vault to load secrets from HashiCorp Vault,7,Java,2,370,5,20,2021-06-04 21:21:42,5
spring-guides/gs-vault-config,2018-01-05 19:57:13,Vault Configuration :: Learn how to store and retrieve application configuration details in HashiCorp Vault,13,Java,1,462,9,19,2021-06-14 18:11:19,9
spring-guides/gs-spring-data-reactive-redis,2018-04-02 16:54:08,Accessing Data Reactively with Redis :: Learn how to reactively interface with Redis and Spring Data,17,Java,6,402,20,20,2021-06-04 18:43:55,20
spring-guides/gs-spring-boot-for-azure,2018-04-05 21:29:49,Deploying a Spring Boot app to Azure :: Learn how to deploy a Spring Boot app to Azure.,18,Java,4,447,1,18,2021-06-04 18:43:49,1
spring-guides/gs-gateway,2018-04-23 18:47:30,Building a Gateway :: Learn how to configure a gateway,58,Java,4,417,60,22,2021-08-02 17:18:07,60
spring-guides/gs-spring-cloud-loadbalancer,2019-09-25 20:30:34,"Client-Side Load-Balancing with Spring Cloud LoadBalancer :: Dynamically select correct instance for the request :: spring-cloud,spring-cloud-loadbalancer,spring-cloud-commons",18,Java,4,382,13,17,2021-06-04 18:43:53,13
spring-guides/gs-spring-boot-kubernetes,2019-11-19 15:05:51,"Spring Boot Kubernetes :: Deploy a Spring Boot application to Kubernetes :: spring-boot,spring-framework",17,Java,2,145,34,19,2021-07-21 02:34:12,34
spring-guides/gs-accessing-data-r2dbc,2019-12-06 13:16:33,Accessing data with R2DBC :: Learn how to access relational data with the reactive protocol R2DBC,12,Java,1,444,23,18,2021-07-16 19:56:34,23
spring-guides/gs-cloud-circuit-breaker,2020-03-06 16:23:28,Spring Cloud Circuit Breaker Guide :: How to Use Spring Cloud Circuit Breaker,2,Java,1,531,5,16,2021-08-13 04:18:16,5
spring-guides/top-spring-on-kubernetes,2020-10-21 19:48:57,Spring on Kubernetes :: Topic guide to Spring and Kubernetes,3,Java,1,1304,6,16,2021-07-01 17:38:08,6
spring-guides/gs-tanzu-observability,2021-01-13 13:24:54,Observability with Spring :: Learn how to send application metrics to Tanzu Observability,1,Java,0,2374,0,16,2021-06-04 18:44:02,0
spring-guides/tut-metrics-and-tracing,2021-03-01 16:49:36,Metrics and Tracing with Spring :: Learn how to create metrics and tracing with Spring Boot,2,Java,0,34166,1,17,2021-08-11 20:49:27,1
